model,PSS,DProQA,VoroIF-GNN-score,VoroIF-GNN-pCAD-score,VoroMQA-dark,GCPNet-EMA,GATE-AFM
af3_jian_ranked_1.pdb,0.764788231292517,0.09418,0.0,0.0,0.0,0.7284340858459473,0.7558137465678862
def_mul_struct_ranked_0.pdb,0.7836623469387755,0.32032,0.0,0.0,0.0,0.6995579600334167,0.7694290907827697
afsample_v2_ranked_2.pdb,0.7650887074829932,0.07006,10172.764,0.813,0.716,0.7233880758285522,0.7676170369126587
deepmsa2_8_ranked_4.pdb,0.7905165986394558,0.18832,0.0,0.0,0.0,0.687828540802002,0.7612945736777315
deepmsa2_10_ranked_2.pdb,0.7825384353741497,0.29744,8051.554,0.696,0.671,0.6817238330841064,0.778765662166507
def_mul_esm_msa_ranked_1.pdb,0.7939176870748298,0.0867,0.0,0.0,0.0,0.7371365427970886,0.7625460685490997
afsample_v1_not_ranked_4.pdb,0.7618666326530612,0.0211,16370.756,0.898,0.636,0.5805579423904419,0.743986190002768
def_mul_notemp_ranked_2.pdb,0.7859539455782313,0.22243,11547.885,0.806,0.68,0.6635427474975586,0.7707575795355897
afsample_v1_ranked_3.pdb,0.7674962925170067,0.00165,-942.024,0.514,0.659,0.5571521520614624,0.7442476550053773
def_mul_not_drop_s_ranked_1.pdb,0.7867946258503402,0.13037,7726.519,0.729,0.685,0.6603267788887024,0.7759853252566009
deepmsa2_10_ranked_0.pdb,0.784678163265306,0.19108,9224.731,0.725,0.675,0.6844809055328369,0.7692211921441894
def_mul_pdb70_ranked_1.pdb,0.7895462925170069,0.10431,17390.859,0.906,0.682,0.7039495706558228,0.7729302291328889
afsample_v2_ranked_4.pdb,0.7888203741496598,0.08239,10288.27,0.755,0.67,0.6654993295669556,0.7684882753793029
deepmsa2_2_ranked_1.pdb,0.3523816666666667,0.36602,8083.18,0.675,0.632,0.464435875415802,0.5204757094393525
deepmsa2_1_ranked_0.pdb,0.3567694217687074,0.00543,10545.817,0.662,0.642,0.5818444490432739,0.5202298698760559
deepmsa2_9_ranked_2.pdb,0.78353731292517,0.13271,6016.081,0.639,0.672,0.6818690896034241,0.7775208096031525
deepmsa2_1_ranked_2.pdb,0.3594838435374149,0.07582,7771.653,0.684,0.612,0.4548652172088623,0.5188110641176468
deepmsa2_1_ranked_4.pdb,0.3548453401360544,0.19335,7365.911,0.665,0.655,0.4755978882312774,0.5206141549569244
def_mul_drop_nos_ranked_2.pdb,0.7809442176870748,0.32454,13290.697,0.894,0.681,0.6704900860786438,0.7721620055459503
deepmsa2_9_ranked_0.pdb,0.7831151020408164,0.23716,12314.378,0.815,0.683,0.681503176689148,0.7754804782558289
def_mul_drop_nos_ranked_4.pdb,0.7837517006802721,0.38722,14515.684,0.908,0.683,0.6654758453369141,0.7704903630396057
afsample_v2_r21_not_ranked_4.pdb,0.7912243877551021,0.03929,17796.778,0.879,0.691,0.7270606756210327,0.7750044198879363
def_mul_esm_msa_ranked_2.pdb,0.7935621768707483,0.17278,0.0,0.0,0.0,0.7265899777412415,0.7643115597292878
af3_pawan_ranked_3.pdb,0.763452925170068,0.07679,9158.704,0.739,0.71,0.7306731939315796,0.7631387419553223
deepmsa2_8_ranked_1.pdb,0.791014319727891,0.21134,0.0,0.0,0.0,0.6942040324211121,0.7650705943320067
def_mul_drop_s_ranked_0.pdb,0.7947118027210884,0.03896,14352.861,0.848,0.685,0.7105737924575806,0.7744190912476135
colabfold_casp16_web_ranked_1.pdb,0.782673231292517,0.05209,0.0,0.0,0.0,0.7170863747596741,0.7663751082565277
def_mul_struct_ranked_4.pdb,0.7837491496598639,0.3388,14032.376,0.906,0.677,0.6903243064880371,0.7647889120583343
af3_pawan_ranked_7.pdb,0.7659804421768708,0.08768,11971.56,0.921,0.712,0.7330464124679565,0.7614613003057433
def_mul_not_drop_nos_ranked_3.pdb,0.7748054421768709,0.11592,5661.579,0.666,0.669,0.6500926613807678,0.7739801300783509
deepmsa2_11_ranked_1.pdb,0.782909149659864,0.29276,9340.943,0.745,0.68,0.6885446906089783,0.7770323675410951
def_mul_not_drop_s_ranked_2.pdb,0.7839877551020408,0.42422,14090.314,0.904,0.683,0.6643605828285217,0.7711965884612976
af3_jian_ranked_7.pdb,0.7635884353741497,0.02389,10699.802,0.822,0.711,0.7396128177642822,0.7610069301250793
def_mul_not_drop_s_ranked_4.pdb,0.767298231292517,0.08257,14178.77,0.855,0.711,0.7251459360122681,0.7559859310498475
default_multimer_ranked_3.pdb,0.7895402040816326,0.06168,0.0,0.0,0.0,0.6888014078140259,0.7599484657225799
af3_jian_ranked_5.pdb,0.7652733673469387,0.05629,0.0,0.0,0.0,0.7281527519226074,0.7556906326661347
deepmsa2_8_ranked_3.pdb,0.794466530612245,0.02582,0.0,0.0,0.0,0.6847533583641052,0.7654911850870056
deepmsa2_7_ranked_4.pdb,0.7946422789115646,0.02597,13829.405,0.847,0.704,0.6798183917999268,0.7620302859122589
spec_comp_ranked_1.pdb,0.3159225170068027,0.36542,9247.12,0.633,0.667,0.6196851134300232,0.5220518896146095
af3_jian_ranked_3.pdb,0.7647423469387755,0.02828,13181.241,0.871,0.706,0.7238965630531311,0.7589737935409271
def_mul_struct_ranked_2.pdb,0.79054731292517,0.3123,0.0,0.0,0.0,0.7198248505592346,0.7699548909440338
deepmsa2_7_ranked_3.pdb,0.7904131632653061,0.1432,0.0,0.0,0.0,0.6848255395889282,0.7618792925291841
afsample_v1_not_ranked_2.pdb,0.7877376530612245,0.03057,11820.156,0.824,0.661,0.6096262335777283,0.7530379867528991
def_mul_not_drop_nos_ranked_1.pdb,0.7821693877551019,0.52845,14386.465,0.909,0.68,0.6725197434425354,0.7739267371627715
afsample_v2_ranked_0.pdb,0.7675397278911564,0.04134,10793.086,0.813,0.708,0.7158152461051941,0.7594740102354127
deepmsa2_9_ranked_4.pdb,0.7921123809523809,0.04924,9935.603,0.771,0.695,0.6883306503295898,0.7765878427699188
spec_comp_ranked_3.pdb,0.3498594897959183,0.0224,8955.245,0.766,0.645,0.5809134244918823,0.5216419185979828
deepmsa2_0_ranked_1.pdb,0.352067925170068,0.14883,13059.603,0.679,0.611,0.4249333143234253,0.5194324716910798
def_mul_not_drop_s_ranked_0.pdb,0.783994693877551,0.52982,15161.44,0.922,0.681,0.6786628365516663,0.7723553158034088
spec_pdb_ranked_0.pdb,0.3143528911564626,0.08616,7627.396,0.571,0.651,0.6369002461433411,0.5279300030105653
afsample_v2_not_ranked_3.pdb,0.7727806802721089,0.03531,12121.831,0.825,0.673,0.6813937425613403,0.7649297746804382
def_mul_pdb70_ranked_0.pdb,0.7915904081632653,0.03431,15780.107,0.845,0.692,0.7104979753494263,0.7717492224390655
afsample_v2_r21_not_ranked_2.pdb,0.7906118027210883,0.03965,18542.684,0.881,0.684,0.7268192768096924,0.7662966578498688
def_mul_pdb70_ranked_4.pdb,0.7580418707482994,0.0592,4269.053,0.624,0.7,0.7045446634292603,0.7503120629208282
af3_jian_ranked_9.pdb,0.7638990816326531,0.01968,0.0,0.0,0.0,0.7338931560516357,0.755026302946875
deepmsa2_7_ranked_0.pdb,0.7676953741496598,0.0765,14854.902,0.834,0.719,0.734745979309082,0.7510883043450226
def_mul_comp_ranked_3.pdb,0.7679103061224489,0.05707,8166.15,0.736,0.707,0.7003946900367737,0.7472337890191864
af3_pawan_ranked_9.pdb,0.7632596598639455,0.01615,0.0,0.0,0.0,0.7241507768630981,0.754712305365689
def_mul_drop_s_ranked_1.pdb,0.7848510544217686,0.09462,8812.331,0.746,0.654,0.658644437789917,0.7666833957546997
deepmsa2_1_ranked_1.pdb,0.3537521088435374,0.06487,8498.941,0.583,0.64,0.5787132978439331,0.5185137122526657
afsample_v1_r21_not_ranked_3.pdb,0.7858110884353741,0.10177,0.0,0.0,0.0,0.6443198323249817,0.7378699556456116
def_mul_esm_msa_ranked_0.pdb,0.7938398639455782,0.08804,0.0,0.0,0.0,0.7441273331642151,0.763085948014273
spec_pdb70_ranked_3.pdb,0.3383580952380953,0.37916,3010.552,0.546,0.6,0.4975972473621368,0.5165848232214127
af3_pawan_ranked_5.pdb,0.762287619047619,0.0238,10131.489,0.829,0.696,0.7424103021621704,0.7622245760986419
def_mul_comp_ranked_1.pdb,0.7847844557823129,0.06379,8681.169,0.746,0.687,0.6826989650726318,0.768889876630362
deepmsa2_9_ranked_3.pdb,0.7834727210884354,0.13245,8282.911,0.702,0.676,0.6831871867179871,0.7774014830963105
deepmsa2_10_ranked_4.pdb,0.7843556462585034,0.2325,7860.773,0.702,0.681,0.6791989207267761,0.7726238874157685
deepmsa2_2_ranked_3.pdb,0.3589747959183673,0.13726,17501.432,0.858,0.623,0.462417334318161,0.5195762387241196
deepmsa2_2_ranked_0.pdb,0.3331594217687075,0.05629,2087.472,0.505,0.651,0.5245304107666017,0.5081092509644372
af3_pawan_ranked_1.pdb,0.7637936734693878,0.06064,0.0,0.0,0.0,0.7303425073623657,0.7560956835039582
deepmsa2_7_ranked_2.pdb,0.7907109523809523,0.17429,0.0,0.0,0.0,0.6890597343444824,0.7598373371683931
def_mul_pdb_ranked_3.pdb,0.7855431292517007,0.11822,6185.564,0.682,0.675,0.6734887957572937,0.7689981420902985
deepmsa2_12_ranked_0.pdb,0.7825830952380951,0.27,9403.196,0.744,0.673,0.6813127398490906,0.7702497062769471
def_mul_notemp_ranked_1.pdb,0.7899775850340137,0.13578,16127.934,0.874,0.674,0.6807920336723328,0.7692312749879547
def_mul_drop_s_ranked_2.pdb,0.7704512585034015,0.08305,7250.627,0.705,0.691,0.6804032921791077,0.7667433200203796
deepmsa2_0_ranked_3.pdb,0.3476332993197279,0.26758,9863.024,0.66,0.652,0.481596440076828,0.5133606141578827
def_mul_notemp_ranked_3.pdb,0.7950457823129252,0.06729,10983.386,0.806,0.683,0.6846312284469604,0.7724643946322234
spec_pdb70_ranked_1.pdb,0.3368720408163265,0.36201,1303.245,0.477,0.652,0.5574037432670593,0.517717077982849
afsample_v1_ranked_1.pdb,0.7877992857142856,0.04029,12831.504,0.85,0.669,0.6055765748023987,0.7533605393438781
def_mul_drop_s_ranked_3.pdb,0.7702470748299319,0.0975,8359.801,0.761,0.7,0.6879505515098572,0.7639067569879486
deepmsa2_12_ranked_4.pdb,0.7935090476190476,0.02387,11232.376,0.814,0.692,0.6908228397369385,0.7616743006576752
def_mul_pdb70_ranked_2.pdb,0.7947254081632653,0.01878,14276.476,0.867,0.679,0.6865415573120117,0.7711257768029297
afsample_v2_not_ranked_1.pdb,0.7814775170068027,0.11025,10189.441,0.741,0.678,0.6714760065078735,0.774189818548999
def_mul_drop_nos_ranked_0.pdb,0.791709319727891,0.04731,9426.213,0.758,0.679,0.6833574771881104,0.7775763104203369
deepmsa2_11_ranked_3.pdb,0.7837338775510204,0.26741,5756.846,0.637,0.677,0.6843730807304382,0.777177411394098
default_multimer_ranked_1.pdb,0.7691057823129251,0.06425,9603.758,0.783,0.701,0.6773003339767456,0.7536786436780669
colabfold_casp16_web_not_ranked_2.pdb,0.7830345918367347,0.0623,0.0,0.0,0.0,0.7099542617797852,0.766638018946463
def_mul_struct_ranked_3.pdb,0.7912320068027211,0.58916,19658.086,0.907,0.713,0.7221997380256653,0.7683323428803315
afsample_v1_not_ranked_0.pdb,0.7727330612244898,0.04558,15689.851,0.873,0.687,0.6012755632400513,0.7348722915547882
def_mul_pdb_ranked_1.pdb,0.7665863265306123,0.05892,11463.113,0.822,0.713,0.6848050951957703,0.7458669621517823
afsample_v1_r21_not_ranked_1.pdb,0.7850274489795919,0.1079,0.0,0.0,0.0,0.640577495098114,0.7340841078947051
deepmsa2_1_ranked_3.pdb,0.3602279251700679,0.24881,9650.649,0.749,0.651,0.4671394824981689,0.5201403013874795
colabfold_casp16_web_ranked_3.pdb,0.7938592176870749,0.02544,13639.908,0.852,0.684,0.7089405655860901,0.7662317900307861
def_mul_drop_nos_ranked_3.pdb,0.7871537755102042,0.11193,11883.362,0.792,0.681,0.6653556227684021,0.7719588139361327
deepmsa2_12_ranked_2.pdb,0.7831182653061224,0.21174,8225.32,0.703,0.678,0.6760412454605103,0.7700811721185241
def_mul_esm_msa_ranked_4.pdb,0.7942806462585034,0.04772,13186.618,0.83,0.685,0.7229474782943726,0.776408282762268
deepmsa2_2_ranked_2.pdb,0.3483796258503401,0.11951,17609.004,0.818,0.615,0.4346030354499817,0.5206756384345504
deepmsa2_8_ranked_0.pdb,0.790364387755102,0.13754,12465.673,0.817,0.692,0.6967185139656067,0.7630595495578614
folds_iter_1_ranked_4.pdb,0.7828540136054422,0.44448,13617.195,0.88,0.692,0.6907641887664795,0.7768359953779236
def_mul_notemp_ranked_0.pdb,0.7836247959183673,0.05723,6838.804,0.699,0.687,0.6772231459617615,0.7717173492474091
folds_iter_1_ranked_2.pdb,0.7833697959183673,0.40408,0.0,0.0,0.0,0.7139159440994263,0.7688521574532226
deepmsa2_8_ranked_2.pdb,0.7947197619047619,0.02298,0.0,0.0,0.0,0.6856437921524048,0.7652377555662141
folds_iter_esm_o_not_2_ranked_1.pdb,0.7896330952380952,0.13712,0.0,0.0,0.0,0.7070274353027344,0.7825538598789153
def_mul_not_drop_nos_ranked_4.pdb,0.7836711904761905,0.19914,14360.01,0.909,0.69,0.6633036136627197,0.771399815955667
folds_iter_2_ranked_1.pdb,0.7828004081632652,0.30063,0.0,0.0,0.0,0.6646426916122437,0.7623006346799865
def_mul_notemp_ranked_4.pdb,0.7949993877551021,0.1777,11206.695,0.78,0.692,0.6906188726425171,0.7683936869972381
folds_iter_esm_1_ranked_0.pdb,0.7895015646258503,0.14473,17415.599,0.901,0.68,0.7112138271331787,0.7747518488386078
deepmsa2_9_ranked_1.pdb,0.7829001360544218,0.21484,5764.914,0.628,0.67,0.6746497750282288,0.7703641470769745
folds_iter_esm_not_1_ranked_0.pdb,0.7694165646258505,0.01126,8929.195,0.757,0.694,0.7332250475883484,0.7620195173747926
deepmsa2_7_ranked_1.pdb,0.7908170408163264,0.19151,0.0,0.0,0.0,0.6970989108085632,0.7644820650000212
folds_iter_2_ranked_3.pdb,0.7856355442176869,0.29837,13148.05,0.844,0.681,0.6597042083740234,0.7617678627152404
spec_pdb_ranked_4.pdb,0.3184516666666667,0.03892,4263.094,0.494,0.637,0.5720713138580322,0.5186829912808915
deepmsa2_2_ranked_4.pdb,0.3438452721088435,0.11173,10363.921,0.614,0.591,0.4389965236186981,0.518500617918557
folds_iter_esm_not_2_ranked_1.pdb,0.7899016326530612,0.1323,0.0,0.0,0.0,0.7050073742866516,0.7815765175846374
def_mul_comp_ranked_2.pdb,0.7832185034013605,0.08711,8596.674,0.742,0.676,0.6853843927383423,0.7704238625205566
folds_iter_esm_o_not_1_ranked_4.pdb,0.7952623469387755,0.10212,11659.485,0.802,0.693,0.6816262006759644,0.7680285375970063
def_mul_not_drop_nos_ranked_2.pdb,0.7878060204081632,0.12241,9223.536,0.742,0.67,0.6706546545028687,0.7751791380512176
folds_iter_esm_1_ranked_2.pdb,0.7784049659863946,0.0064,3277.497,0.607,0.673,0.6783334016799927,0.7690633897653106
def_mul_pdb_ranked_0.pdb,0.7666017006802721,0.05018,8830.988,0.806,0.693,0.7100491523742676,0.7560899172486297
folds_iter_esm_1_ranked_1.pdb,0.7648792176870748,0.00836,6362.987,0.728,0.684,0.7042766809463501,0.7571478851210053
def_mul_pdb_ranked_4.pdb,0.7656241836734693,0.06098,6613.454,0.727,0.701,0.6914168000221252,0.7415156637371063
folds_iter_o_1_ranked_3.pdb,0.7835751360544218,0.38694,0.0,0.0,0.0,0.6925162076950073,0.7673297294117493
def_mul_pdb_ranked_2.pdb,0.790312857142857,0.07956,9229.364,0.715,0.691,0.6671016812324524,0.7682795854868562
folds_iter_esm_not_2_ranked_4.pdb,0.7948310884353742,0.07782,12011.345,0.792,0.695,0.6984862089157104,0.771986717797815
def_mul_pdb70_ranked_3.pdb,0.7895013605442177,0.08979,17070.967,0.905,0.683,0.6932669281959534,0.7686634992943786
folds_iter_2_ranked_2.pdb,0.7915985374149659,0.52504,18778.358,0.898,0.716,0.7105542421340942,0.7677419329829254
def_mul_esm_msa_ranked_3.pdb,0.7936785034013605,0.04383,0.0,0.0,0.0,0.7229129672050476,0.7625088155505464
folds_iter_esm_o_2_ranked_4.pdb,0.7621680612244898,0.01528,4774.16,0.653,0.696,0.71146160364151,0.753414740194281
def_mul_struct_ranked_1.pdb,0.7904918027210884,0.30821,0.0,0.0,0.0,0.7270175814628601,0.7703884429283844
folds_iter_esm_o_2_ranked_2.pdb,0.7859206802721089,0.12127,7803.166,0.728,0.68,0.6624007225036621,0.772138000172882
def_mul_not_drop_s_ranked_3.pdb,0.7871276870748298,0.06669,8591.522,0.738,0.68,0.6613297462463379,0.7726016203721526
folds_iter_esm_2_ranked_4.pdb,0.7898552721088435,0.1013,16983.309,0.902,0.68,0.6952372193336487,0.7705630593630646
default_multimer_ranked_0.pdb,0.7669918707482992,0.00978,7622.945,0.722,0.688,0.7207990288734436,0.7582600537687837
folds_iter_esm_o_1_ranked_3.pdb,0.7952647619047619,0.1485,0.0,0.0,0.0,0.6998780369758606,0.7756759237366943
def_mul_not_drop_nos_ranked_0.pdb,0.7942484693877551,0.03857,12800.772,0.837,0.68,0.6940867304801941,0.7770059577959227
folds_iter_o_not_1_ranked_1.pdb,0.7898017006802721,0.11236,9974.906,0.767,0.693,0.6946843266487122,0.7645403677457734
default_multimer_ranked_4.pdb,0.7895680612244899,0.13092,16538.013,0.892,0.679,0.6994231343269348,0.771333618740213
folds_iter_o_2_ranked_3.pdb,0.7903105102040816,0.34768,0.0,0.0,0.0,0.7325385808944702,0.7690973213282716
folds_iter_not_1_ranked_0.pdb,0.7763653741496599,0.01339,10908.031,0.768,0.666,0.6992741227149963,0.763011251224295
folds_iter_o_not_2_ranked_1.pdb,0.7896941496598638,0.08055,17616.206,0.904,0.682,0.6949227452278137,0.7687305730589019
folds_iter_o_not_1_ranked_2.pdb,0.790383843537415,0.10765,9423.027,0.757,0.693,0.6885977387428284,0.775294372791327
folds_iter_o_not_2_ranked_3.pdb,0.378945612244898,0.00404,3986.763,0.591,0.642,0.6919312477111816,0.4956914703149612
folds_iter_esm_2_ranked_0.pdb,0.7910254421768708,0.39926,21715.493,0.926,0.719,0.7320742607116699,0.7758087518356659
folds_iter_esm_not_2_ranked_2.pdb,0.7808788435374151,0.01563,4455.107,0.641,0.658,0.6699260473251343,0.7619246687811524
folds_iter_2_ranked_0.pdb,0.7907780952380953,0.11974,0.0,0.0,0.0,0.7257040739059448,0.7675954856267303
spec_struct_ranked_1.pdb,0.7664047959183674,0.10685,9001.357,0.788,0.719,0.6926034688949585,0.7482840095911285
default_multimer_ranked_2.pdb,0.7884059183673469,0.07108,11845.522,0.823,0.679,0.6803750991821289,0.7604537457323395
folds_iter_2_ranked_4.pdb,0.7835347959183674,0.37934,12894.913,0.87,0.68,0.6632637977600098,0.7678212417050172
uniclust_ox_a3m_ranked_0.pdb,0.3496639795918367,0.02684,9167.899,0.619,0.637,0.614760160446167,0.5183651661196366
def_mul_drop_s_ranked_4.pdb,0.7852410884353742,0.32713,11533.283,0.803,0.68,0.6713667511940002,0.7730317506927092
folds_iter_esm_not_2_ranked_0.pdb,0.7841694897959183,0.02542,2136.024,0.62,0.651,0.6657283306121826,0.7786295810579956
spec_comp_ranked_0.pdb,0.2980578571428571,0.09682,2737.407,0.506,0.648,0.5551073551177979,0.5194273356883362
def_mul_comp_ranked_4.pdb,0.7949940816326531,0.03446,16692.854,0.905,0.692,0.6865403056144714,0.7604154680311555
folds_iter_1_ranked_3.pdb,0.7834720408163265,0.27417,0.0,0.0,0.0,0.7060803174972534,0.7684021261942717
spec_inter_ref_a3m_ranked_3.pdb,0.3556333673469387,0.08453,3924.364,0.57,0.615,0.4655466675758362,0.5184733701153406
def_mul_drop_nos_ranked_1.pdb,0.782522006802721,0.20868,12872.59,0.871,0.683,0.6735633015632629,0.7754882844390747
folds_iter_esm_o_not_1_ranked_1.pdb,0.7915490476190477,0.10943,14267.791,0.856,0.678,0.6693974733352661,0.7702557283173614
spec_comp_ranked_4.pdb,0.3197795238095238,0.06451,2822.583,0.5,0.611,0.5479249954223633,0.5182242858934678
def_mul_comp_ranked_0.pdb,0.7947578571428572,0.05648,16839.697,0.89,0.697,0.7049038410186768,0.7703828210687285
folds_iter_not_2_ranked_3.pdb,0.7811787755102041,0.04891,7457.381,0.725,0.685,0.6794825792312622,0.7687652964014923
folds_iter_esm_not_1_ranked_4.pdb,0.7858182312925169,0.10496,9762.808,0.776,0.681,0.6493849158287048,0.7669820128461975
folds_iter_esm_o_1_ranked_2.pdb,0.7949394217687075,0.1646,12533.423,0.812,0.693,0.6958379149436951,0.7696042823502747
folds_iter_esm_o_1_ranked_4.pdb,0.7947641156462584,0.15525,10769.581,0.766,0.694,0.6957480907440186,0.770587159935672
folds_iter_esm_not_1_ranked_2.pdb,0.7659525170068028,0.01385,5676.726,0.676,0.695,0.7188184261322021,0.7627941712203279
folds_iter_esm_o_2_ranked_1.pdb,0.7910028231292517,0.05738,15106.342,0.833,0.677,0.7141465544700623,0.7740408739875001
folds_iter_1_ranked_0.pdb,0.789408299319728,0.0719,0.0,0.0,0.0,0.7357075810432434,0.7619007196505341
folds_iter_esm_o_2_ranked_3.pdb,0.795005612244898,0.09615,13871.104,0.854,0.698,0.6995272636413574,0.7694367738586334
folds_iter_esm_2_ranked_1.pdb,0.792314387755102,0.60852,17888.075,0.9,0.708,0.7212247252464294,0.7747965567328278
folds_iter_not_1_ranked_2.pdb,0.3589909183673469,0.08417,5429.916,0.66,0.638,0.681617021560669,0.5181659076609131
folds_iter_esm_1_ranked_4.pdb,0.7945552040816326,0.1424,11871.431,0.794,0.695,0.6925095319747925,0.7685287093342927
folds_iter_esm_2_ranked_3.pdb,0.7941127551020408,0.03363,0.0,0.0,0.0,0.6959599256515503,0.7647469761807129
folds_iter_o_1_ranked_2.pdb,0.7888070408163265,0.07265,10264.598,0.756,0.683,0.7102680206298828,0.7681629141842071
folds_iter_esm_o_not_1_ranked_0.pdb,0.7947490476190476,0.18101,10812.701,0.779,0.695,0.6961982846260071,0.7708394475911406
folds_iter_esm_not_2_ranked_3.pdb,0.7946748979591836,0.12845,11186.478,0.788,0.695,0.7030044794082642,0.7733473729188781
folds_iter_not_2_ranked_1.pdb,0.7919764965986394,0.09681,0.0,0.0,0.0,0.6780569553375244,0.7763972086143218
folds_iter_not_1_ranked_4.pdb,0.7854519047619047,0.01932,9086.14,0.756,0.677,0.6663932204246521,0.7689784859526123
folds_iter_esm_o_1_ranked_0.pdb,0.790367925170068,0.11758,12495.306,0.829,0.69,0.7008775472640991,0.7661839158319549
folds_iter_o_2_ranked_1.pdb,0.7908464965986395,0.52445,22340.248,0.941,0.715,0.7422068119049072,0.7806520245477936
folds_iter_esm_o_not_2_ranked_3.pdb,0.7948920408163266,0.08496,13397.953,0.826,0.685,0.7009312510490417,0.7735875603664366
folds_iter_esm_o_not_1_ranked_2.pdb,0.7895560884353742,0.06611,17499.453,0.871,0.689,0.6863834261894226,0.7636984376777557
folds_iter_o_1_ranked_4.pdb,0.7842227210884354,0.38522,12414.636,0.846,0.684,0.692327082157135,0.7746204782518342
folds_iter_o_not_1_ranked_0.pdb,0.7916271428571429,0.03281,15944.13,0.834,0.698,0.7090200185775757,0.7727711223158295
folds_iter_o_1_ranked_0.pdb,0.7889989795918367,0.10354,0.0,0.0,0.0,0.7405444979667664,0.7627163615522552
folds_iter_o_not_1_ranked_4.pdb,0.7936561904761903,0.03142,9485.958,0.756,0.7,0.6744711399078369,0.7747940508034363
folds_iter_esm_1_ranked_3.pdb,0.7896030612244899,0.08861,18089.758,0.903,0.683,0.690796434879303,0.7681295859343262
folds_iter_esm_o_not_2_ranked_2.pdb,0.7947463945578231,0.03195,15014.102,0.866,0.683,0.7024684548377991,0.7729611900077483
folds_iter_esm_not_1_ranked_1.pdb,0.7941282993197278,0.07839,14111.158,0.832,0.687,0.7113384008407593,0.7749984163851869
folds_iter_esm_o_not_2_ranked_0.pdb,0.7898091836734693,0.36921,20540.324,0.91,0.72,0.7288191914558411,0.7782183823689696
folds_iter_o_2_ranked_2.pdb,0.7929057482993197,0.31757,16853.032,0.888,0.705,0.7237331867218018,0.7699986289597749
spec_inter_prot_sto_ranked_2.pdb,0.3127162585034014,0.21205,-715.109,0.434,0.61,0.3855688571929932,0.5168607040166504
spec_comp_ranked_2.pdb,0.3182916666666667,0.14524,7098.004,0.586,0.636,0.5746479630470276,0.5183572361079666
folds_iter_esm_2_ranked_2.pdb,0.7672356802721088,0.05577,9074.523,0.778,0.713,0.7081031203269958,0.7570898488246796
spec_inter_ref_sto_ranked_2.pdb,0.2768050340136055,0.27275,-2922.094,0.319,0.656,0.553795576095581,0.5192215626778747
folds_iter_esm_o_not_1_ranked_3.pdb,0.7711745918367348,0.14198,14755.561,0.823,0.714,0.6980984807014465,0.7550195927312622
spec_pdb_ranked_2.pdb,0.314305850340136,0.09267,7994.126,0.599,0.626,0.584250807762146,0.5216896281856224
folds_iter_o_2_ranked_4.pdb,0.7912149319727891,0.53948,0.0,0.0,0.0,0.7207539677619934,0.7694548680817902
pdb_inter_ref_a3m_ranked_1.pdb,0.3507152040816326,0.21405,5395.257,0.678,0.637,0.4988298118114472,0.5204391574097229
folds_iter_not_2_ranked_0.pdb,0.7893212925170068,0.13034,17182.867,0.898,0.679,0.7025312185287476,0.772231378589325
spec_inter_ref_sto_ranked_0.pdb,0.3356408843537414,0.20482,11189.679,0.85,0.664,0.5072341561317444,0.480912664868251
folds_iter_esm_o_1_ranked_1.pdb,0.7896080272108844,0.28468,17000.508,0.914,0.68,0.7033203840255737,0.771295771782605
spec_inter_prot_sto_ranked_4.pdb,0.3421815646258503,0.08112,7495.652,0.533,0.594,0.3988368511199951,0.5178588117366303
folds_iter_not_1_ranked_1.pdb,0.7926338775510203,0.07895,11950.874,0.802,0.699,0.6822826266288757,0.7712836730412322
spec_inter_ref_sto_ranked_4.pdb,0.3428138775510204,0.11215,15054.286,0.693,0.625,0.4195676147937774,0.5193537424698708
folds_iter_o_not_2_ranked_2.pdb,0.7898339115646259,0.09707,17997.349,0.91,0.682,0.6918429732322693,0.7678846918802887
folds_iter_o_not_2_ranked_0.pdb,0.7843295918367347,0.08878,6273.574,0.692,0.681,0.6796016097068787,0.7727468200924896
folds_iter_not_2_ranked_2.pdb,0.7950828571428572,0.11329,12869.887,0.834,0.699,0.7034501433372498,0.7696336015189728
pdb_inter_prot_sto_ranked_4.pdb,0.3513217006802721,0.14342,10350.506,0.566,0.583,0.415269672870636,0.519389322654596
folds_iter_o_not_1_ranked_3.pdb,0.786012925170068,0.00819,9182.688,0.761,0.675,0.6655306220054626,0.7707901745834472
spec_inter_ref_a3m_ranked_1.pdb,0.3520447278911564,0.07372,14437.629,0.767,0.65,0.5863092541694641,0.5189360788845947
folds_iter_not_1_ranked_3.pdb,0.786653231292517,0.06746,8415.499,0.737,0.682,0.6647275686264038,0.7707173484519928
folds_iter_o_not_2_ranked_4.pdb,0.7953077210884354,0.10706,0.0,0.0,0.0,0.6906538009643555,0.7764626339233001
spec_struct_ranked_3.pdb,0.7644837755102041,0.09971,0.0,0.0,0.0,0.6768224835395813,0.7208980806297608
folds_iter_1_ranked_1.pdb,0.7895724489795918,0.08701,0.0,0.0,0.0,0.7383944988250732,0.7628023946741974
pdb_inter_ref_sto_ranked_4.pdb,0.3226742517006802,0.17347,2615.182,0.524,0.655,0.5272594094276428,0.5181478030327223
uniclust_ox_a3m_ranked_2.pdb,0.354434081632653,0.02354,10411.237,0.674,0.639,0.5678827166557312,0.5190419467126756
folds_iter_not_2_ranked_4.pdb,0.783625068027211,0.44518,14853.598,0.925,0.682,0.6576668620109558,0.7633936312657836
pdb_inter_prot_sto_ranked_0.pdb,0.3563760884353741,0.04695,9745.038,0.659,0.635,0.5927681922912598,0.5218801081967056
uniclust_ox_a3m_ranked_4.pdb,0.3589767687074829,0.05237,11820.849,0.722,0.642,0.459934800863266,0.5189388226168946
folds_iter_esm_o_2_ranked_0.pdb,0.7904524829931973,0.44078,20437.252,0.917,0.72,0.7423937916755676,0.7806206952941863
pdb_inter_ref_a3m_ranked_3.pdb,0.35119,0.10192,7873.667,0.699,0.64,0.4890952706336975,0.5189336332373764
pdb_inter_prot_sto_ranked_2.pdb,0.3522801020408163,0.09983,14778.459,0.677,0.562,0.4233114421367645,0.5199049518491776
folds_iter_esm_o_not_2_ranked_4.pdb,0.7931012244897959,0.03785,13281.144,0.809,0.702,0.6790106892585754,0.7719028531639527
spec_inter_prot_sto_ranked_0.pdb,0.3584852040816326,0.12213,-1969.183,0.38,0.589,0.4709051251411438,0.519785378996167
folds_iter_esm_not_1_ranked_3.pdb,0.7950997619047618,0.04638,10047.663,0.763,0.692,0.6853187680244446,0.772619948791986
pdb_inter_ref_sto_ranked_0.pdb,0.3616608843537415,0.33261,11916.198,0.701,0.641,0.4913577437400818,0.5193751090415771
spec_pdb70_ranked_2.pdb,0.3448711224489796,0.25821,-4242.916,0.294,0.587,0.4963908195495605,0.5206879713184364
folds_iter_o_1_ranked_1.pdb,0.7829517006802721,0.44216,0.0,0.0,0.0,0.6977456212043762,0.7694209348723541
pdb_inter_ref_sto_ranked_2.pdb,0.318338469387755,0.20584,918.986,0.425,0.632,0.5496172904968262,0.5162630653028885
pdb_inter_prot_sto_ranked_1.pdb,0.3612147619047618,0.25439,11946.195,0.741,0.647,0.4767123460769653,0.5201034945310775
folds_iter_o_2_ranked_0.pdb,0.790779149659864,0.51721,20073.243,0.927,0.713,0.7439846992492676,0.780235992530594
spec_inter_prot_sto_ranked_3.pdb,0.3630304081632653,0.30055,17464.089,0.833,0.632,0.4244527518749237,0.5204054328594253
pdb_inter_ref_sto_ranked_3.pdb,0.3511876870748299,0.16365,13115.097,0.694,0.595,0.4201038777828216,0.5205836189854324
spec_inter_prot_sto_ranked_1.pdb,0.347731156462585,0.07196,15394.791,0.779,0.626,0.450374960899353,0.5204315010030762
pdb_inter_ref_a3m_ranked_4.pdb,0.3545419387755102,0.06465,13597.031,0.688,0.639,0.4847190976142883,0.5201325933668075
pdb_inter_ref_sto_ranked_1.pdb,0.3580815306122449,0.30112,13968.52,0.808,0.646,0.4515775740146637,0.5208751143878814
pdb_inter_ref_a3m_ranked_2.pdb,0.3538665306122449,0.03934,8253.956,0.613,0.639,0.6124107837677002,0.5206766813765259
spec_inter_ref_a3m_ranked_0.pdb,0.3500376530612245,0.07198,8426.85,0.708,0.612,0.4894090592861176,0.5193891739385756
spec_inter_ref_sto_ranked_3.pdb,0.3251603741496598,0.50764,8235.375,0.584,0.633,0.5751509666442871,0.5179059959597551
spec_pdb70_ranked_0.pdb,0.2869653401360544,0.21889,3433.693,0.529,0.653,0.5083158016204834,0.4763962236506363
spec_pdb_ranked_1.pdb,0.3145010204081633,0.03069,7937.137,0.587,0.639,0.6248518824577333,0.5251376198240112
spec_struct_ranked_0.pdb,0.3316881292517007,0.10782,18723.016,0.81,0.645,0.7157459855079651,0.5271558419991578
spec_pdb70_ranked_4.pdb,0.341583775510204,0.4315,-2871.035,0.313,0.6,0.4188410341739655,0.5160915311066834
spec_pdb_ranked_3.pdb,0.2965193197278911,0.02992,9558.636,0.708,0.645,0.6136553883552551,0.5247136699017311
pdb_inter_ref_a3m_ranked_0.pdb,0.3517511904761904,0.14553,4902.873,0.57,0.642,0.5161154270172119,0.5208399549262298
spec_inter_ref_sto_ranked_1.pdb,0.3492826530612244,0.24919,7334.32,0.661,0.635,0.4824315905570984,0.5204019663927292
spec_inter_ref_a3m_ranked_2.pdb,0.2969641496598639,0.15513,-5100.055,0.204,0.602,0.5090681314468384,0.4914881688221527
spec_inter_ref_a3m_ranked_4.pdb,0.352770544217687,0.38719,1496.188,0.508,0.622,0.4889538884162903,0.5218305876642975
uniclust_ox_a3m_ranked_3.pdb,0.3567580952380953,0.06757,6872.706,0.644,0.621,0.469670832157135,0.5191259687871582
spec_struct_ranked_4.pdb,0.3416622448979592,0.02537,4186.162,0.583,0.675,0.6670119762420654,0.5219255743015854
spec_struct_ranked_2.pdb,0.7659887414965987,0.10011,10569.426,0.862,0.72,0.6898835897445679,0.7380592790310974
uniclust_ox_a3m_ranked_1.pdb,0.350565612244898,0.22139,444.541,0.452,0.629,0.4533111155033112,0.5208072434311776
pdb_inter_prot_sto_ranked_3.pdb,0.350707006802721,0.05787,1942.602,0.477,0.601,0.4139770865440368,0.5194994804681625
af3_pawan_ranked_8.pdb,0.7638564285714284,0.02022,8511.505,0.707,0.704,0.7315822839736938,0.762579631124524
af3_jian_ranked_2.pdb,0.7653360884353742,0.11391,0.0,0.0,0.0,0.7261911630630493,0.7573565527809875
af3_jian_ranked_0.pdb,0.7646125170068028,0.10265,10886.992,0.852,0.709,0.7289798855781555,0.7610637867688813
af3_jian_ranked_6.pdb,0.7638318707482994,0.05295,8760.937,0.761,0.701,0.7354198694229126,0.762575438244806
af3_jian_ranked_4.pdb,0.765644523809524,0.06319,10190.054,0.716,0.709,0.720949649810791,0.7630366652009583
af3_pawan_ranked_0.pdb,0.7627844557823129,0.10378,9428.763,0.737,0.705,0.7255373597145081,0.7624019568456605
af3_jian_ranked_8.pdb,0.7641838775510205,0.01846,0.0,0.0,0.0,0.7325118780136108,0.7531078627737579
af3_pawan_ranked_4.pdb,0.7640934353741496,0.02689,7561.668,0.634,0.698,0.7286566495895386,0.7638177240194428
af3_pawan_ranked_6.pdb,0.7635599659863945,0.02786,8392.246,0.748,0.703,0.7332070469856262,0.7627697104869874
af3_pawan_ranked_2.pdb,0.7624502721088434,0.02063,0.0,0.0,0.0,0.7371748089790344,0.7556086502111603
afsample_v1_ranked_2.pdb,0.7919345578231292,0.17061,11438.002,0.816,0.686,0.6458059549331665,0.7520313173242675
afsample_v1_ranked_4.pdb,0.7739973809523809,0.01834,12064.914,0.798,0.657,0.5926298499107361,0.7417327441395265
afsample_v1_r21_not_ranked_2.pdb,0.786540918367347,0.07885,0.0,0.0,0.0,0.6461226940155029,0.7347458119727082
afsample_v2_not_ranked_2.pdb,0.7593512925170068,0.04072,8627.221,0.746,0.71,0.7077071070671082,0.7674724705302034
afsample_v1_not_ranked_1.pdb,0.7834124149659863,0.00214,2340.897,0.568,0.666,0.582268238067627,0.7542854477054475
afsample_v2_r21_not_ranked_3.pdb,0.7908029591836735,0.04568,18168.349,0.875,0.686,0.7257516384124756,0.775224905262149
colabfold_casp16_web_ranked_0.pdb,0.7890671088435374,0.14793,0.0,0.0,0.0,0.7349376082420349,0.764521267199237
deepmsa2_11_ranked_0.pdb,0.7838951020408164,0.23354,6910.78,0.668,0.67,0.6831762194633484,0.7715108766037811
afsample_v1_r21_not_ranked_4.pdb,0.7862248639455783,0.09754,19216.767,0.934,0.687,0.6432000398635864,0.7431904821056092
deepmsa2_0_ranked_2.pdb,0.3473323129251701,0.18934,13796.598,0.65,0.588,0.4181784689426422,0.5202625872238633
afsample_v2_not_ranked_0.pdb,0.7585482653061225,0.00837,6490.305,0.651,0.696,0.706192672252655,0.758926900962619
afsample_v1_not_ranked_3.pdb,0.7377485714285714,0.20412,12814.691,0.816,0.608,0.6521235704421997,0.7284255315812898
deepmsa2_10_ranked_3.pdb,0.7834777210884354,0.25407,7549.991,0.661,0.678,0.6798576712608337,0.7692213573662141
deepmsa2_12_ranked_3.pdb,0.7856269047619048,0.1027,7962.506,0.736,0.683,0.6743799448013306,0.7673087087765991
afsample_v2_r21_not_ranked_1.pdb,0.7906867346938776,0.03478,18566.423,0.887,0.688,0.7253915667533875,0.7764549839866608
afsample_v2_not_ranked_4.pdb,0.7671792517006802,0.05324,9767.029,0.761,0.704,0.7141395211219788,0.7588640306642273
deepmsa2_0_ranked_4.pdb,0.3547398979591837,0.08474,12695.833,0.639,0.615,0.4228487312793731,0.5202637724416534
colabfold_casp16_web_ranked_2.pdb,0.7829261564625851,0.04824,18206.468,0.917,0.683,0.700762927532196,0.7641318679520782
colabfold_casp16_web_not_ranked_1.pdb,0.790339761904762,0.1595,22056.607,0.949,0.724,0.7216644287109375,0.7659731278622894
deepmsa2_10_ranked_1.pdb,0.784046462585034,0.20736,9201.979,0.732,0.671,0.6785742044448853,0.7768694102007111
deepmsa2_11_ranked_2.pdb,0.7928890136054422,0.03454,12523.727,0.824,0.7,0.7065215706825256,0.7743122797265901
colabfold_casp16_web_ranked_4.pdb,0.7936284353741497,0.03463,14965.35,0.845,0.692,0.7182065844535828,0.7650316361663696
afsample_v2_ranked_1.pdb,0.7679089115646258,0.04381,9718.794,0.809,0.713,0.7158387303352356,0.7693696933492828
colabfold_casp16_web_not_ranked_3.pdb,0.785717993197279,0.12602,10119.282,0.77,0.679,0.6848541498184204,0.7645052112978851
afsample_v1_r21_not_ranked_0.pdb,0.7864641156462584,0.11632,0.0,0.0,0.0,0.6445029973983765,0.7380640834812224
deepmsa2_11_ranked_4.pdb,0.7924782653061224,0.02883,15661.424,0.858,0.694,0.6924413442611694,0.759585005250119
deepmsa2_0_ranked_0.pdb,0.3470252721088436,0.11047,12354.27,0.622,0.615,0.4325337409973144,0.51854059182696
afsample_v2_ranked_3.pdb,0.7702780612244898,0.0279,13978.58,0.889,0.678,0.6768729090690613,0.7589481350073639
deepmsa2_12_ranked_1.pdb,0.7931347278911566,0.05397,11326.838,0.8,0.698,0.6887567043304443,0.7707569834046477
afsample_v1_ranked_0.pdb,0.7861335714285714,0.08388,9989.201,0.76,0.68,0.6569514870643616,0.7574156003916168
colabfold_casp16_web_not_ranked_0.pdb,0.7834326530612246,0.18851,11364.933,0.795,0.676,0.6813223361968994,0.7668168877519683
afsample_v2_r21_not_ranked_0.pdb,0.7911798299319729,0.05103,18210.579,0.881,0.689,0.7314860224723816,0.7774607930795104
colabfold_casp16_web_not_ranked_4.pdb,0.766216768707483,0.05142,5594.57,0.644,0.706,0.7144746780395508,0.7550422515852875
